kosuriSd01RBSs_Part 0 , GGTCTCATTTTCACCATACACATATGAGAGACC , kosuriSd01RBSs_Part 0_ReverseCompliment , GGTCTCTCATATGTGTATGGTGAAAATGAGACC

kosuriSd01RBSs_Part 1 , GGTCTCATTTTATCTTAATCTAGCGCGGGACAGTTTCATATGAGAGACC , kosuriSd01RBSs_Part 1_ReverseCompliment , GGTCTCTCATATGAAACTGTCCCGCGCTAGATTAAGATAAAATGAGACC

kosuriSd01RBSs_Part 2 , GGTCTCATTTTTCTAGAGAAAGACCCGAGACACCATATGAGAGACC , kosuriSd01RBSs_Part 2_ReverseCompliment , GGTCTCTCATATGGTGTCTCGGGTCTTTCTCTAGAAAAATGAGACC

kosuriSd01RBSs_Part 3 , GGTCTCATTTTTCTAGAGAAAGATTAGAGTCACCATATGAGAGACC , kosuriSd01RBSs_Part 3_ReverseCompliment , GGTCTCTCATATGGTGACTCTAATCTTTCTCTAGAAAAATGAGACC

kosuriSd01RBSs_Part 4 , GGTCTCATTTTATCTTAATCTAGCTTTGGAGTCTTTCATATGAGAGACC , kosuriSd01RBSs_Part 4_ReverseCompliment , GGTCTCTCATATGAAAGACTCCAAAGCTAGATTAAGATAAAATGAGACC

kosuriSd01RBSs_Part 5 , GGTCTCATTTTTCTAGAGAAAGAGCCGACATACCATATGAGAGACC , kosuriSd01RBSs_Part 5_ReverseCompliment , GGTCTCTCATATGGTATGTCGGCTCTTTCTCTAGAAAAATGAGACC

kosuriSd01RBSs_Part 6 , GGTCTCATTTTATCTTAATCTAGCCCGGGAGCATTTCATATGAGAGACC , kosuriSd01RBSs_Part 6_ReverseCompliment , GGTCTCTCATATGAAATGCTCCCGGGCTAGATTAAGATAAAATGAGACC

kosuriSd01RBSs_Part 7 , GGTCTCATTTTATCTTAATCTAGCCTGGGATCGTTTCATATGAGAGACC , kosuriSd01RBSs_Part 7_ReverseCompliment , GGTCTCTCATATGAAACGATCCCAGGCTAGATTAAGATAAAATGAGACC

kosuriSd01RBSs_Part 8 , GGTCTCATTTTATCTTAATCTAGCCCAGGAACGTTTCATATGAGAGACC , kosuriSd01RBSs_Part 8_ReverseCompliment , GGTCTCTCATATGAAACGTTCCTGGGCTAGATTAAGATAAAATGAGACC

kosuriSd01RBSs_Part 9 , GGTCTCATTTTTCTAGAGAAAGACAGGACCCACCATATGAGAGACC , kosuriSd01RBSs_Part 9_ReverseCompliment , GGTCTCTCATATGGTGGGTCCTGTCTTTCTCTAGAAAAATGAGACC

kosuriSd01RBSs_Part 10 , GGTCTCATTTTTCTAGAGAAAGAACCGAATTACCATATGAGAGACC , kosuriSd01RBSs_Part 10_ReverseCompliment , GGTCTCTCATATGGTAATTCGGTTCTTTCTCTAGAAAAATGAGACC

kosuriSd01RBSs_Part 11 , GGTCTCATTTTAATCTCATATCTCAAATATAAGCCGGATCATATGAGAGACC , kosuriSd01RBSs_Part 11_ReverseCompliment , GGTCTCTCATATGATCCGGCTTATATTTGAGATATGAGATTAAAATGAGACC

kosuriSd01RBSs_Part 12 , GGTCTCATTTTTCTAGAGAAAGAGCCGAGTTACCATATGAGAGACC , kosuriSd01RBSs_Part 12_ReverseCompliment , GGTCTCTCATATGGTAACTCGGCTCTTTCTCTAGAAAAATGAGACC

kosuriSd01RBSs_Part 13 , GGTCTCATTTTTCTAGAGAAAGAGACGAATCACCATATGAGAGACC , kosuriSd01RBSs_Part 13_ReverseCompliment , GGTCTCTCATATGGTGATTCGTCTCTTTCTCTAGAAAAATGAGACC

kosuriSd01RBSs_Part 14 , GGTCTCATTTTATCTTAATCTAGCACGGGACGGTTTCATATGAGAGACC , kosuriSd01RBSs_Part 14_ReverseCompliment , GGTCTCTCATATGAAACCGTCCCGTGCTAGATTAAGATAAAATGAGACC

kosuriSd01RBSs_Part 15 , GGTCTCATTTTTCTAGAGAAAGAAACGACATACCATATGAGAGACC , kosuriSd01RBSs_Part 15_ReverseCompliment , GGTCTCTCATATGGTATGTCGTTTCTTTCTCTAGAAAAATGAGACC

kosuriSd01RBSs_Part 16 , GGTCTCATTTTTCTAGAGAAAGACCGGAAATACCATATGAGAGACC , kosuriSd01RBSs_Part 16_ReverseCompliment , GGTCTCTCATATGGTATTTCCGGTCTTTCTCTAGAAAAATGAGACC

kosuriSd01RBSs_Part 17 , GGTCTCATTTTTCTAGAGAAAGATAGGACTCACCATATGAGAGACC , kosuriSd01RBSs_Part 17_ReverseCompliment , GGTCTCTCATATGGTGAGTCCTATCTTTCTCTAGAAAAATGAGACC

kosuriSd01RBSs_Part 18 , GGTCTCATTTTTCTAGAGAAAGAAGAGACTCACCATATGAGAGACC , kosuriSd01RBSs_Part 18_ReverseCompliment , GGTCTCTCATATGGTGAGTCTCTTCTTTCTCTAGAAAAATGAGACC

kosuriSd01RBSs_Part 19 , GGTCTCATTTTATCTTAATCTAGCAGTGGAACCTTTCATATGAGAGACC , kosuriSd01RBSs_Part 19_ReverseCompliment , GGTCTCTCATATGAAAGGTTCCACTGCTAGATTAAGATAAAATGAGACC

kosuriSd01RBSs_Part 20 , GGTCTCATTTTATCTTAATCTAGCCCGGGATCTTTTCATATGAGAGACC , kosuriSd01RBSs_Part 20_ReverseCompliment , GGTCTCTCATATGAAAAGATCCCGGGCTAGATTAAGATAAAATGAGACC

kosuriSd01RBSs_Part 21 , GGTCTCATTTTTCTAGAGAAAGACGCGAGAAACCATATGAGAGACC , kosuriSd01RBSs_Part 21_ReverseCompliment , GGTCTCTCATATGGTTTCTCGCGTCTTTCTCTAGAAAAATGAGACC

kosuriSd01RBSs_Part 22 , GGTCTCATTTTTCTAGAGAAAGACTGGAGACACCATATGAGAGACC , kosuriSd01RBSs_Part 22_ReverseCompliment , GGTCTCTCATATGGTGTCTCCAGTCTTTCTCTAGAAAAATGAGACC

kosuriSd01RBSs_Part 23 , GGTCTCATTTTTCTAGAGAAAGATTAGACAAACCATATGAGAGACC , kosuriSd01RBSs_Part 23_ReverseCompliment , GGTCTCTCATATGGTTTGTCTAATCTTTCTCTAGAAAAATGAGACC

kosuriSd01RBSs_Part 24 , GGTCTCATTTTATCTTAATCTAGCGACGGAGTCTTTCATATGAGAGACC , kosuriSd01RBSs_Part 24_ReverseCompliment , GGTCTCTCATATGAAAGACTCCGTCGCTAGATTAAGATAAAATGAGACC

kosuriSd01RBSs_Part 25 , GGTCTCATTTTATCTTAATCTAGCGGCGGATCTTTTCATATGAGAGACC , kosuriSd01RBSs_Part 25_ReverseCompliment , GGTCTCTCATATGAAAAGATCCGCCGCTAGATTAAGATAAAATGAGACC

kosuriSd01RBSs_Part 26 , GGTCTCATTTTTCTAGAGAAAGATTTGATATACCATATGAGAGACC , kosuriSd01RBSs_Part 26_ReverseCompliment , GGTCTCTCATATGGTATATCAAATCTTTCTCTAGAAAAATGAGACC

kosuriSd01RBSs_Part 27 , GGTCTCATTTTTCTAGAGAAAGAGGTGACTCACCATATGAGAGACC , kosuriSd01RBSs_Part 27_ReverseCompliment , GGTCTCTCATATGGTGAGTCACCTCTTTCTCTAGAAAAATGAGACC

kosuriSd01RBSs_Part 28 , GGTCTCATTTTTCACACAGGAAAGGCCCATATGAGAGACC , kosuriSd01RBSs_Part 28_ReverseCompliment , GGTCTCTCATATGGGCCTTTCCTGTGTGAAAAATGAGACC

kosuriSd01RBSs_Part 29 , GGTCTCATTTTATCTTAATCTAGCTAGGGACCTTTTCATATGAGAGACC , kosuriSd01RBSs_Part 29_ReverseCompliment , GGTCTCTCATATGAAAAGGTCCCTAGCTAGATTAAGATAAAATGAGACC

kosuriSd01RBSs_Part 30 , GGTCTCATTTTTCTAGAGAAAGAGCTGAGCAACCATATGAGAGACC , kosuriSd01RBSs_Part 30_ReverseCompliment , GGTCTCTCATATGGTTGCTCAGCTCTTTCTCTAGAAAAATGAGACC

kosuriSd01RBSs_Part 31 , GGTCTCATTTTATCTTAATCTAGCGTAGGACCGTTTCATATGAGAGACC , kosuriSd01RBSs_Part 31_ReverseCompliment , GGTCTCTCATATGAAACGGTCCTACGCTAGATTAAGATAAAATGAGACC

kosuriSd01RBSs_Part 32 , GGTCTCATTTTCTTTAACAATTTATCATAAGGAGGTGACCATATGAGAGACC , kosuriSd01RBSs_Part 32_ReverseCompliment , GGTCTCTCATATGGTCACCTCCTTATGATAAATTGTTAAAGAAAATGAGACC

kosuriSd01RBSs_Part 33 , GGTCTCATTTTATCTTAATCTAGCTAGGGAACGTTTCATATGAGAGACC , kosuriSd01RBSs_Part 33_ReverseCompliment , GGTCTCTCATATGAAACGTTCCCTAGCTAGATTAAGATAAAATGAGACC

kosuriSd01RBSs_Part 34 , GGTCTCATTTTTCTAGAGAAAGATTGGACGTACCATATGAGAGACC , kosuriSd01RBSs_Part 34_ReverseCompliment , GGTCTCTCATATGGTACGTCCAATCTTTCTCTAGAAAAATGAGACC

kosuriSd01RBSs_Part 35 , GGTCTCATTTTATCTTAATCTAGCCCGGGAAGGTTTCATATGAGAGACC , kosuriSd01RBSs_Part 35_ReverseCompliment , GGTCTCTCATATGAAACCTTCCCGGGCTAGATTAAGATAAAATGAGACC

kosuriSd01RBSs_Part 36 , GGTCTCATTTTATCTTAATCTAGCCCAGGAAGATTTCATATGAGAGACC , kosuriSd01RBSs_Part 36_ReverseCompliment , GGTCTCTCATATGAAATCTTCCTGGGCTAGATTAAGATAAAATGAGACC

kosuriSd01RBSs_Part 37 , GGTCTCATTTTATCTTAATCTAGCCCGGGATAATTTCATATGAGAGACC , kosuriSd01RBSs_Part 37_ReverseCompliment , GGTCTCTCATATGAAATTATCCCGGGCTAGATTAAGATAAAATGAGACC

kosuriSd01RBSs_Part 38 , GGTCTCATTTTTCTAGAGAAAGAGTAGATCAACCATATGAGAGACC , kosuriSd01RBSs_Part 38_ReverseCompliment , GGTCTCTCATATGGTTGATCTACTCTTTCTCTAGAAAAATGAGACC

kosuriSd01RBSs_Part 39 , GGTCTCATTTTTCTAGAGAAAGAGGCGATACACCATATGAGAGACC , kosuriSd01RBSs_Part 39_ReverseCompliment , GGTCTCTCATATGGTGTATCGCCTCTTTCTCTAGAAAAATGAGACC

kosuriSd01RBSs_Part 40 , GGTCTCATTTTATCTTAATCTAGCCACGGAGGCTTTCATATGAGAGACC , kosuriSd01RBSs_Part 40_ReverseCompliment , GGTCTCTCATATGAAAGCCTCCGTGGCTAGATTAAGATAAAATGAGACC

kosuriSd01RBSs_Part 41 , GGTCTCATTTTATCTTAATCTAGCAGGGGACACTTTCATATGAGAGACC , kosuriSd01RBSs_Part 41_ReverseCompliment , GGTCTCTCATATGAAAGTGTCCCCTGCTAGATTAAGATAAAATGAGACC

kosuriSd01RBSs_Part 42 , GGTCTCATTTTTCTAGAGAAAGAGGCGAATTACCATATGAGAGACC , kosuriSd01RBSs_Part 42_ReverseCompliment , GGTCTCTCATATGGTAATTCGCCTCTTTCTCTAGAAAAATGAGACC

kosuriSd01RBSs_Part 43 , GGTCTCATTTTTCTAGAGAAAGAGGTGACATACCATATGAGAGACC , kosuriSd01RBSs_Part 43_ReverseCompliment , GGTCTCTCATATGGTATGTCACCTCTTTCTCTAGAAAAATGAGACC

kosuriSd01RBSs_Part 44 , GGTCTCATTTTTCTAGAGAAAGAAGGGACAGACCATATGAGAGACC , kosuriSd01RBSs_Part 44_ReverseCompliment , GGTCTCTCATATGGTCTGTCCCTTCTTTCTCTAGAAAAATGAGACC

kosuriSd01RBSs_Part 45 , GGTCTCATTTTTCTAGAGAAAGAGAGGAGCCACCATATGAGAGACC , kosuriSd01RBSs_Part 45_ReverseCompliment , GGTCTCTCATATGGTGGCTCCTCTCTTTCTCTAGAAAAATGAGACC

kosuriSd01RBSs_Part 46 , GGTCTCATTTTATCTTAATCTAGCTAGGGAGCATTTCATATGAGAGACC , kosuriSd01RBSs_Part 46_ReverseCompliment , GGTCTCTCATATGAAATGCTCCCTAGCTAGATTAAGATAAAATGAGACC

kosuriSd01RBSs_Part 47 , GGTCTCATTTTTCTAGAGAAAGAGTGGAACTACCATATGAGAGACC , kosuriSd01RBSs_Part 47_ReverseCompliment , GGTCTCTCATATGGTAGTTCCACTCTTTCTCTAGAAAAATGAGACC

kosuriSd01RBSs_Part 48 , GGTCTCATTTTTCTAGAGAAAGAGTGGAAAAACCATATGAGAGACC , kosuriSd01RBSs_Part 48_ReverseCompliment , GGTCTCTCATATGGTTTTTCCACTCTTTCTCTAGAAAAATGAGACC

kosuriSd01RBSs_Part 49 , GGTCTCATTTTTAAGGAGGTGACCATATGAGAGACC , kosuriSd01RBSs_Part 49_ReverseCompliment , GGTCTCTCATATGGTCACCTCCTTAAAAATGAGACC

kosuriSd01RBSs_Part 50 , GGTCTCATTTTATCTTAATCTAGCCTGGGAGTGTTTCATATGAGAGACC , kosuriSd01RBSs_Part 50_ReverseCompliment , GGTCTCTCATATGAAACACTCCCAGGCTAGATTAAGATAAAATGAGACC

kosuriSd01RBSs_Part 51 , GGTCTCATTTTTCTAGAGAAAGAAGGGATACACCATATGAGAGACC , kosuriSd01RBSs_Part 51_ReverseCompliment , GGTCTCTCATATGGTGTATCCCTTCTTTCTCTAGAAAAATGAGACC

kosuriSd01RBSs_Part 52 , GGTCTCATTTTATCTTAATCTAGCTGGGGACTGTTTCATATGAGAGACC , kosuriSd01RBSs_Part 52_ReverseCompliment , GGTCTCTCATATGAAACAGTCCCCAGCTAGATTAAGATAAAATGAGACC

kosuriSd01RBSs_Part 53 , GGTCTCATTTTTCTAGAGAAAGACGAGATATACCATATGAGAGACC , kosuriSd01RBSs_Part 53_ReverseCompliment , GGTCTCTCATATGGTATATCTCGTCTTTCTCTAGAAAAATGAGACC

kosuriSd01RBSs_Part 54 , GGTCTCATTTTTCTAGAGAAAGAGGGGACAAACTCATATGAGAGACC , kosuriSd01RBSs_Part 54_ReverseCompliment , GGTCTCTCATATGAGTTTGTCCCCTCTTTCTCTAGAAAAATGAGACC

kosuriSd01RBSs_Part 55 , GGTCTCATTTTATCTTAATCTAGCGACGGAGCGTTTCATATGAGAGACC , kosuriSd01RBSs_Part 55_ReverseCompliment , GGTCTCTCATATGAAACGCTCCGTCGCTAGATTAAGATAAAATGAGACC

kosuriSd01RBSs_Part 56 , GGTCTCATTTTATCTTAATCTAGCGTAGGACTCTTTCATATGAGAGACC , kosuriSd01RBSs_Part 56_ReverseCompliment , GGTCTCTCATATGAAAGAGTCCTACGCTAGATTAAGATAAAATGAGACC

kosuriSd01RBSs_Part 57 , GGTCTCATTTTATCTTAATCTAGCGCTGGAGGCTTTCATATGAGAGACC , kosuriSd01RBSs_Part 57_ReverseCompliment , GGTCTCTCATATGAAAGCCTCCAGCGCTAGATTAAGATAAAATGAGACC

kosuriSd01RBSs_Part 58 , GGTCTCATTTTTCTAGAGAAAGACAGGATTAACCATATGAGAGACC , kosuriSd01RBSs_Part 58_ReverseCompliment , GGTCTCTCATATGGTTAATCCTGTCTTTCTCTAGAAAAATGAGACC

kosuriSd01RBSs_Part 59 , GGTCTCATTTTATCTTAATCTAGCCGTGGAGGGTTTCATATGAGAGACC , kosuriSd01RBSs_Part 59_ReverseCompliment , GGTCTCTCATATGAAACCCTCCACGGCTAGATTAAGATAAAATGAGACC

kosuriSd01RBSs_Part 60 , GGTCTCATTTTTCTAGAGAAAGAGGGGACAAACCATATGAGAGACC , kosuriSd01RBSs_Part 60_ReverseCompliment , GGTCTCTCATATGGTTTGTCCCCTCTTTCTCTAGAAAAATGAGACC

kosuriSd01RBSs_Part 61 , GGTCTCATTTTATCTTAATCTAGCGCCGGAGGTTTTCATATGAGAGACC , kosuriSd01RBSs_Part 61_ReverseCompliment , GGTCTCTCATATGAAAACCTCCGGCGCTAGATTAAGATAAAATGAGACC

kosuriSd01RBSs_Part 62 , GGTCTCATTTTATCTTAATCTAGCGGGGGATAGTTTCATATGAGAGACC , kosuriSd01RBSs_Part 62_ReverseCompliment , GGTCTCTCATATGAAACTATCCCCCGCTAGATTAAGATAAAATGAGACC

kosuriSd01RBSs_Part 63 , GGTCTCATTTTATCTTAATCTAGCGCGGGAGTATTTCATATGAGAGACC , kosuriSd01RBSs_Part 63_ReverseCompliment , GGTCTCTCATATGAAATACTCCCGCGCTAGATTAAGATAAAATGAGACC

kosuriSd01RBSs_Part 64 , GGTCTCATTTTTCTAGAGAAAGATAGGAGACACCATATGAGAGACC , kosuriSd01RBSs_Part 64_ReverseCompliment , GGTCTCTCATATGGTGTCTCCTATCTTTCTCTAGAAAAATGAGACC

kosuriSd01RBSs_Part 65 , GGTCTCATTTTATCTTAATCTAGCCGGGGAGACTTTCATATGAGAGACC , kosuriSd01RBSs_Part 65_ReverseCompliment , GGTCTCTCATATGAAAGTCTCCCCGGCTAGATTAAGATAAAATGAGACC

kosuriSd01RBSs_Part 66 , GGTCTCATTTTATCTTAATCTAGCTGCGGAGGGTTTCATATGAGAGACC , kosuriSd01RBSs_Part 66_ReverseCompliment , GGTCTCTCATATGAAACCCTCCGCAGCTAGATTAAGATAAAATGAGACC

kosuriSd01RBSs_Part 67 , GGTCTCATTTTATCTTAATCTAGCTCAGGACAATTTCATATGAGAGACC , kosuriSd01RBSs_Part 67_ReverseCompliment , GGTCTCTCATATGAAATTGTCCTGAGCTAGATTAAGATAAAATGAGACC

kosuriSd01RBSs_Part 68 , GGTCTCATTTTATCTTAATCTAGCAAAGGACACTTTCATATGAGAGACC , kosuriSd01RBSs_Part 68_ReverseCompliment , GGTCTCTCATATGAAAGTGTCCTTTGCTAGATTAAGATAAAATGAGACC

kosuriSd01RBSs_Part 69 , GGTCTCATTTTAATCTCTTTTATCAAATATAAGCAGGATCATATGAGAGACC , kosuriSd01RBSs_Part 69_ReverseCompliment , GGTCTCTCATATGATCCTGCTTATATTTGATAAAAGAGATTAAAATGAGACC

kosuriSd01RBSs_Part 70 , GGTCTCATTTTATCTTAATCTAGCCCGGGAGTTTTTCATATGAGAGACC , kosuriSd01RBSs_Part 70_ReverseCompliment , GGTCTCTCATATGAAAAACTCCCGGGCTAGATTAAGATAAAATGAGACC

kosuriSd01RBSs_Part 71 , GGTCTCATTTTAATCTCTTATATCAAATATAAGGAGGATCATATGAGAGACC , kosuriSd01RBSs_Part 71_ReverseCompliment , GGTCTCTCATATGATCCTCCTTATATTTGATATAAGAGATTAAAATGAGACC

kosuriSd01RBSs_Part 72 , GGTCTCATTTTATCTTAATCTAGCTGGGGAGGCTTTCATATGAGAGACC , kosuriSd01RBSs_Part 72_ReverseCompliment , GGTCTCTCATATGAAAGCCTCCCCAGCTAGATTAAGATAAAATGAGACC

kosuriSd01RBSs_Part 73 , GGTCTCATTTTATCTTAATCTAGCGAAGGATAGTTTCATATGAGAGACC , kosuriSd01RBSs_Part 73_ReverseCompliment , GGTCTCTCATATGAAACTATCCTTCGCTAGATTAAGATAAAATGAGACC

kosuriSd01RBSs_Part 74 , GGTCTCATTTTAATCTCATATATCAAATATAAGCAGGATCATATGAGAGACC , kosuriSd01RBSs_Part 74_ReverseCompliment , GGTCTCTCATATGATCCTGCTTATATTTGATATATGAGATTAAAATGAGACC

kosuriSd01RBSs_Part 75 , GGTCTCATTTTATCTTAATCTAGCGCGGGAGGGTTTCATATGAGAGACC , kosuriSd01RBSs_Part 75_ReverseCompliment , GGTCTCTCATATGAAACCCTCCCGCGCTAGATTAAGATAAAATGAGACC

kosuriSd01RBSs_Part 76 , GGTCTCATTTTATCTTAATCTAGCTAGGGATATTTTCATATGAGAGACC , kosuriSd01RBSs_Part 76_ReverseCompliment , GGTCTCTCATATGAAAATATCCCTAGCTAGATTAAGATAAAATGAGACC

kosuriSd01RBSs_Part 77 , GGTCTCATTTTATCTTAATCTAGCAGGGGAGTCTTTCATATGAGAGACC , kosuriSd01RBSs_Part 77_ReverseCompliment , GGTCTCTCATATGAAAGACTCCCCTGCTAGATTAAGATAAAATGAGACC

kosuriSd01RBSs_Part 78 , GGTCTCATTTTAATCTCATATATCAAATATACGGGGGATCATATGAGAGACC , kosuriSd01RBSs_Part 78_ReverseCompliment , GGTCTCTCATATGATCCCCCGTATATTTGATATATGAGATTAAAATGAGACC

kosuriSd01RBSs_Part 79 , GGTCTCATTTTCCTCTAGATTTAAGAAGGAGATATACATATGAGAGACC , kosuriSd01RBSs_Part 79_ReverseCompliment , GGTCTCTCATATGTATATCTCCTTCTTAAATCTAGAGGAAAATGAGACC

kosuriSd01RBSs_Part 80 , GGTCTCATTTTATCTTAATCTAGCACAGGAGACTTTCATATGAGAGACC , kosuriSd01RBSs_Part 80_ReverseCompliment , GGTCTCTCATATGAAAGTCTCCTGTGCTAGATTAAGATAAAATGAGACC

kosuriSd01RBSs_Part 81 , GGTCTCATTTTATCTTAATCTAGCTGAGGAAAGTTTCATATGAGAGACC , kosuriSd01RBSs_Part 81_ReverseCompliment , GGTCTCTCATATGAAACTTTCCTCAGCTAGATTAAGATAAAATGAGACC

kosuriSd01RBSs_Part 82 , GGTCTCATTTTATCTTAATCTAGCGGGGGAGCGTTTCATATGAGAGACC , kosuriSd01RBSs_Part 82_ReverseCompliment , GGTCTCTCATATGAAACGCTCCCCCGCTAGATTAAGATAAAATGAGACC

kosuriSd01RBSs_Part 83 , GGTCTCATTTTATCTTAATCTAGCTAGGGAGTGTTTCATATGAGAGACC , kosuriSd01RBSs_Part 83_ReverseCompliment , GGTCTCTCATATGAAACACTCCCTAGCTAGATTAAGATAAAATGAGACC

kosuriSd01RBSs_Part 84 , GGTCTCATTTTATCTTAATCTAGCGGAGGAGGATTTCATATGAGAGACC , kosuriSd01RBSs_Part 84_ReverseCompliment , GGTCTCTCATATGAAATCCTCCTCCGCTAGATTAAGATAAAATGAGACC

kosuriSd01RBSs_Part 85 , GGTCTCATTTTATCTTAATCTAGCGGAGGATCGTTTCATATGAGAGACC , kosuriSd01RBSs_Part 85_ReverseCompliment , GGTCTCTCATATGAAACGATCCTCCGCTAGATTAAGATAAAATGAGACC

kosuriSd01RBSs_Part 86 , GGTCTCATTTTATCTTAATCTAGCGAGGGTAGGTTTCATATGAGAGACC , kosuriSd01RBSs_Part 86_ReverseCompliment , GGTCTCTCATATGAAACCTACCCTCGCTAGATTAAGATAAAATGAGACC

kosuriSd01RBSs_Part 87 , GGTCTCATTTTATCTTAATCTAGCTGGGGAGATTTTCATATGAGAGACC , kosuriSd01RBSs_Part 87_ReverseCompliment , GGTCTCTCATATGAAAATCTCCCCAGCTAGATTAAGATAAAATGAGACC

kosuriSd01RBSs_Part 88 , GGTCTCATTTTATCTTAATCTAGCATAGGAGGTTTTCATATGAGAGACC , kosuriSd01RBSs_Part 88_ReverseCompliment , GGTCTCTCATATGAAAACCTCCTATGCTAGATTAAGATAAAATGAGACC

kosuriSd01RBSs_Part 89 , GGTCTCATTTTATCTTAATCTAGCGGGGGAAGGTTTCATATGAGAGACC , kosuriSd01RBSs_Part 89_ReverseCompliment , GGTCTCTCATATGAAACCTTCCCCCGCTAGATTAAGATAAAATGAGACC

kosuriSd01RBSs_Part 90 , GGTCTCATTTTAATCTCATATATCAAATATAGGGTGGATCATATGAGAGACC , kosuriSd01RBSs_Part 90_ReverseCompliment , GGTCTCTCATATGATCCACCCTATATTTGATATATGAGATTAAAATGAGACC

kosuriSd01RBSs_Part 91 , GGTCTCATTTTATCTTAATCTAGCGTGGGAGAGTTTCATATGAGAGACC , kosuriSd01RBSs_Part 91_ReverseCompliment , GGTCTCTCATATGAAACTCTCCCACGCTAGATTAAGATAAAATGAGACC

kosuriSd01RBSs_Part 92 , GGTCTCATTTTTGGATCCAAGAAGGAGATATACATATGAGAGACC , kosuriSd01RBSs_Part 92_ReverseCompliment , GGTCTCTCATATGTATATCTCCTTCTTGGATCCAAAAATGAGACC

kosuriSd01RBSs_Part 93 , GGTCTCATTTTATCTTAATCTAGCAGGGGAGGGTTTCATATGAGAGACC , kosuriSd01RBSs_Part 93_ReverseCompliment , GGTCTCTCATATGAAACCCTCCCCTGCTAGATTAAGATAAAATGAGACC

kosuriSd01RBSs_Part 94 , GGTCTCATTTTAATCTCATATATCAAATATAAGGCGGATCATATGAGAGACC , kosuriSd01RBSs_Part 94_ReverseCompliment , GGTCTCTCATATGATCCGCCTTATATTTGATATATGAGATTAAAATGAGACC

kosuriSd01RBSs_Part 95 , GGTCTCATTTTATCTTAATCTAGCAGGGGATATTTTCATATGAGAGACC , kosuriSd01RBSs_Part 95_ReverseCompliment , GGTCTCTCATATGAAAATATCCCCTGCTAGATTAAGATAAAATGAGACC

kosuriSd01RBSs_Part 96 , GGTCTCATTTTATCTTAATCTAGCATTGGAGGGTTTCATATGAGAGACC , kosuriSd01RBSs_Part 96_ReverseCompliment , GGTCTCTCATATGAAACCCTCCAATGCTAGATTAAGATAAAATGAGACC

kosuriSd01RBSs_Part 97 , GGTCTCATTTTATCTTAATCTAGCGGGGGAGAATTTCATATGAGAGACC , kosuriSd01RBSs_Part 97_ReverseCompliment , GGTCTCTCATATGAAATTCTCCCCCGCTAGATTAAGATAAAATGAGACC

kosuriSd01RBSs_Part 98 , GGTCTCATTTTATCTTAATCTAGCGGGGGATTTTTTCATATGAGAGACC , kosuriSd01RBSs_Part 98_ReverseCompliment , GGTCTCTCATATGAAAAAATCCCCCGCTAGATTAAGATAAAATGAGACC

kosuriSd01RBSs_Part 99 , GGTCTCATTTTATCTTAATCTAGCGGAGGAGACTTTCATATGAGAGACC , kosuriSd01RBSs_Part 99_ReverseCompliment , GGTCTCTCATATGAAAGTCTCCTCCGCTAGATTAAGATAAAATGAGACC

kosuriSd01RBSs_Part 100 , GGTCTCATTTTAATCTCATAGATCAAATATAGGGGGGATCATATGAGAGACC , kosuriSd01RBSs_Part 100_ReverseCompliment , GGTCTCTCATATGATCCCCCCTATATTTGATCTATGAGATTAAAATGAGACC

kosuriSd01RBSs_Part 101 , GGTCTCATTTTAAAATTAAGAGGTATATACATATGAGAGACC , kosuriSd01RBSs_Part 101_ReverseCompliment , GGTCTCTCATATGTATATACCTCTTAATTTTAAAATGAGACC

kosuriSd01RBSs_Part 102 , GGTCTCATTTTAATCTCATAGATCAAATATAAGGAGGATCATATGAGAGACC , kosuriSd01RBSs_Part 102_ReverseCompliment , GGTCTCTCATATGATCCTCCTTATATTTGATCTATGAGATTAAAATGAGACC

kosuriSd01RBSs_Part 103 , GGTCTCATTTTAATCTCATAAATCAAATATAGGGAGGATCATATGAGAGACC , kosuriSd01RBSs_Part 103_ReverseCompliment , GGTCTCTCATATGATCCTCCCTATATTTGATTTATGAGATTAAAATGAGACC

kosuriSd01RBSs_Part 104 , GGTCTCATTTTAATCTCATATCTCAAATATAAGGGGGATCATATGAGAGACC , kosuriSd01RBSs_Part 104_ReverseCompliment , GGTCTCTCATATGATCCCCCTTATATTTGAGATATGAGATTAAAATGAGACC

kosuriSd01RBSs_Part 105 , GGTCTCATTTTAATCTCATTTATCAAATATAAGGAGGATCATATGAGAGACC , kosuriSd01RBSs_Part 105_ReverseCompliment , GGTCTCTCATATGATCCTCCTTATATTTGATAAATGAGATTAAAATGAGACC

kosuriSd01RBSs_Part 106 , GGTCTCATTTTAAAGATCTTTTAAGAAGGAGATATACATATGAGAGACC , kosuriSd01RBSs_Part 106_ReverseCompliment , GGTCTCTCATATGTATATCTCCTTCTTAAAAGATCTTTAAAATGAGACC

kosuriSd01RBSs_Part 107 , GGTCTCATTTTAATCTCATAAATCAAATATAAGGGGGATCATATGAGAGACC , kosuriSd01RBSs_Part 107_ReverseCompliment , GGTCTCTCATATGATCCCCCTTATATTTGATTTATGAGATTAAAATGAGACC

kosuriSd01RBSs_Part 108 , GGTCTCATTTTAAAGAGGAGAAATTACATATGAGAGACC , kosuriSd01RBSs_Part 108_ReverseCompliment , GGTCTCTCATATGTAATTTCTCCTCTTTAAAATGAGACC

kosuriSd01RBSs_Part 109 , GGTCTCATTTTATTAAAGAGGAGAAATTACATATGAGAGACC , kosuriSd01RBSs_Part 109_ReverseCompliment , GGTCTCTCATATGTAATTTCTCCTCTTTAATAAAATGAGACC

kosuriSd01RBSs_Part 110 , GGTCTCATTTTGAATTCATTAAAGAGGAGAAAGGTCATATGAGAGACC , kosuriSd01RBSs_Part 110_ReverseCompliment , GGTCTCTCATATGACCTTTCTCCTCTTTAATGAATTCAAAATGAGACC

kosuriSd01RBSs_Part 111 , GGTCTCATTTTTTAGGAGGTAAACATATGAGAGACC , kosuriSd01RBSs_Part 111_ReverseCompliment , GGTCTCTCATATGTTTACCTCCTAAAAAATGAGACC

kosuriSd01RBSs_Part 112 , GGTCTCATTTTTACTAGAGTCACACAGGAAACCTACTAGTATGAGAGACC , kosuriSd01RBSs_Part 112_ReverseCompliment , GGTCTCTCATACTAGTAGGTTTCCTGTGTGACTCTAGTAAAAATGAGACC

kosuriSd01RBSs_Part 113 , GGTCTCATTTTGCGGCTTTCACACTTGGGGGCTAGCTATGAGAGACC , kosuriSd01RBSs_Part 113_ReverseCompliment , GGTCTCTCATAGCTAGCCCCCAAGTGTGAAAGCCGCAAAATGAGACC

